Date,Open,High,Low,Close,Volume,Currency,H-L,O-C,SMA_7,SMA_14,SMA_21,SD_7,SD_21
2020-06-29,81333.0,81689.0,79111.0,79111.0,404291,VND,2578.0,2222.0,83428.42857142857,82711.07142857143,83665.61904761905,2599.12227858707,2330.724768740196
2020-06-30,80889.0,80889.0,79111.0,79111.0,394369,VND,1778.0,1778.0,82374.42857142857,82292.0,83318.52380952382,2646.674004427884,2443.187438962627
2020-07-01,80445.0,81333.0,79111.0,80889.0,103567,VND,2222.0,-444.0,81625.28571428571,82165.0,83077.23809523809,2088.8766290589388,2419.7831288105535
2020-07-02,80533.0,80978.0,79556.0,79911.0,473287,VND,1422.0,622.0,81079.28571428571,82044.35714285714,82785.14285714286,1940.358103915009,2413.842875700785
2020-07-03,80800.0,80889.0,79911.0,80178.0,183735,VND,978.0,622.0,80507.85714285714,82120.57142857143,82539.66666666667,1385.3103657750848,2403.8816179948103
2020-07-06,80178.0,81689.0,80178.0,81245.0,319522,VND,1511.0,-1067.0,80254.0,81993.64285714286,82387.28571428571,938.6044605335218,2378.352205684796
2020-07-07,81333.0,81956.0,80889.0,80889.0,378967,VND,1067.0,444.0,80190.57142857143,81936.5,82175.66666666667,865.7070053128314,2299.5475279570474
2020-07-08,80711.0,81333.0,80089.0,80711.0,210881,VND,1244.0,0.0,80419.14285714286,81923.78571428571,81947.09523809524,734.43275811374,2187.258944541373
2020-07-09,80711.0,81600.0,80622.0,80889.0,449674,VND,978.0,-178.0,80673.14285714286,81523.78571428571,81752.38095238095,464.4467779238779,2083.495007821981
2020-07-10,80889.0,81778.0,80889.0,81245.0,217496,VND,889.0,-356.0,80724.0,81174.64285714286,81684.66666666667,509.34369535713205,2075.3752271175945
2020-07-13,81333.0,81422.0,80889.0,81156.0,393536,VND,533.0,177.0,80901.85714285714,80990.57142857143,81663.52380952382,378.77188762788415,2078.5401035113173
2020-07-14,81156.0,81600.0,80178.0,81156.0,383614,VND,1422.0,0.0,81041.57142857143,80774.71428571429,81760.90476190476,210.0744765894335,1999.3703735116858
2020-07-15,81511.0,81511.0,80445.0,80445.0,432270,VND,1066.0,1066.0,80927.28571428571,80590.64285714286,81638.19047619047,285.1530082171339,1997.1811039324493
2020-07-16,80800.0,82667.0,80533.0,82667.0,369056,VND,2134.0,-1867.0,81181.28571428571,80685.92857142857,81684.76190476191,714.3063568446008,2009.7881456701507
2020-07-17,81333.0,81778.0,80889.0,81333.0,241346,VND,889.0,0.0,81270.14285714286,80844.64285714286,81705.90476190476,684.102923194925,2003.3232366436184
2020-07-20,80889.0,81245.0,80178.0,80178.0,250200,VND,1067.0,711.0,81168.57142857143,80920.85714285714,81405.38095238095,794.0686068476635,1700.381824067503
2020-07-21,81067.0,81067.0,80178.0,80178.0,248242,VND,889.0,889.0,81016.14285714286,80870.07142857143,81121.80952380953,875.216054958539,1328.4084695246604
2020-07-22,80000.0,80889.0,79822.0,79822.0,227374,VND,1067.0,178.0,80825.57142857143,80863.71428571429,80935.57142857143,978.7929398231679,1213.181625785254
2020-07-23,80000.0,80267.0,79556.0,80000.0,204390,VND,711.0,0.0,80660.42857142857,80851.0,80736.61904761905,1010.7500279731353,973.830605197409
2020-07-24,79911.0,80000.0,74667.0,78222.0,758734,VND,5333.0,1689.0,80342.85714285714,80635.07142857143,80508.04761904762,1373.7574298945847,973.9127515435665
2020-07-27,74578.0,76445.0,73689.0,75556.0,928215,VND,2756.0,-978.0,79327.0,80254.14285714286,80232.95238095238,1897.8873342044033,1435.6727508799386
2020-07-28,75556.0,77333.0,71022.0,75733.0,601087,VND,6311.0,-177.0,78527.0,79898.57142857143,80072.09523809524,2082.652875541245,1727.2889713294408
2020-07-29,74667.0,75556.0,73778.0,74222.0,426791,VND,1778.0,445.0,77676.14285714286,79422.35714285714,79839.28571428571,2475.351047735268,2142.804800789341
2020-07-30,74222.0,76000.0,74222.0,75645.0,272284,VND,1778.0,-1423.0,77028.57142857143,79022.35714285714,79589.57142857143,2298.368541461807,2313.1459005309193
2020-07-31,74667.0,80000.0,74489.0,77778.0,1056420,VND,5511.0,-3111.0,76736.57142857143,78781.07142857143,79488.0,1994.0135286354755,2344.9381868186097
2020-08-03,75556.0,78311.0,75556.0,77867.0,184849,VND,2755.0,-2311.0,76431.85714285714,78546.14285714286,79377.95238095238,1518.4689030481268,2365.07846542545
2020-08-04,78845.0,78845.0,77689.0,78222.0,257884,VND,1156.0,623.0,76431.85714285714,78387.35714285714,79234.0,1518.4689030481268,2337.596137060498
2020-08-05,78222.0,78667.0,75378.0,77333.0,488801,VND,3289.0,889.0,76685.71428571429,78006.35714285714,79064.66666666667,1496.012223021228,2340.5099942819106
2020-08-06,78222.0,78400.0,77422.0,77778.0,373882,VND,978.0,444.0,76977.85714285714,77752.42857142857,78925.0,1478.5300615332292,2324.8139280381524
2020-08-07,77867.0,78400.0,77600.0,77778.0,205312,VND,800.0,89.0,77485.85714285714,77581.0,78776.85714285714,851.99167221521,2292.298372501194
2020-08-10,78222.0,79911.0,77689.0,78400.0,610369,VND,2222.0,-178.0,77879.42857142857,77454.0,78641.38095238095,345.917069610391,2222.132972533203
2020-08-11,79289.0,79289.0,77778.0,77778.0,242246,VND,1511.0,1511.0,77879.42857142857,77308.0,78480.52380952382,345.917069610391,2152.1645062366797
2020-08-12,77778.0,78667.0,77689.0,77689.0,340121,VND,978.0,89.0,77854.0,77142.92857142857,78315.42857142857,353.44353627355645,2067.9965321883583
2020-08-13,78667.0,79111.0,77778.0,78222.0,516015,VND,1333.0,445.0,77854.0,77142.92857142857,78209.57142857143,353.44353627355645,2009.608508427221
2020-08-14,78222.0,79111.0,77689.0,77689.0,735829,VND,1422.0,533.0,77904.85714285714,77295.28571428571,77972.52380952382,284.95989692825395,1731.947303443438
2020-08-17,77333.0,78667.0,77156.0,77956.0,423225,VND,1511.0,-623.0,77930.28571428571,77454.07142857143,77811.71428571429,279.6454387770106,1551.7288468949582
2020-08-18,77600.0,77956.0,76622.0,76889.0,869254,VND,1334.0,711.0,77803.28571428571,77644.57142857143,77655.09523809524,486.03693765200205,1464.4832161812046
2020-08-19,76889.0,77867.0,76889.0,76889.0,390532,VND,978.0,0.0,77587.42857142857,77733.42857142857,77498.47619047618,511.7098322108065,1352.7925790397542
2020-08-20,76978.0,77511.0,76445.0,76445.0,1113997,VND,1066.0,533.0,77397.0,77638.21428571429,77337.66666666667,656.5142801190877,1260.336277877302
2020-08-21,76445.0,77245.0,76356.0,76533.0,423889,VND,889.0,-88.0,77231.85714285714,77542.92857142857,77172.57142857143,713.7218012111696,1112.5653945468316
2020-08-24,76889.0,79111.0,76889.0,79111.0,1184445,VND,2222.0,-2222.0,77358.85714285714,77606.42857142857,77214.90476190476,956.9295391288912,1169.927472314621
2020-08-25,79111.0,81689.0,79111.0,80889.0,1208992,VND,2578.0,-1778.0,77816.0,77860.42857142857,77468.85714285714,1652.4901411708615,1355.8629829638755
2020-08-26,80711.0,81067.0,80000.0,80889.0,615690,VND,1067.0,-178.0,78235.0,78082.64285714286,77714.38095238095,2023.9871541094753,1486.3637669222494
2020-08-27,80089.0,80889.0,80089.0,80889.0,492694,VND,800.0,-800.0,78806.42857142857,78304.85714285714,78031.85714285714,2141.8617180032224,1413.3367003554577
2020-08-28,81156.0,82045.0,79911.0,79911.0,715522,VND,2134.0,1245.0,79238.14285714286,78412.78571428571,78235.0,1990.1563949073254,1358.6371112258807
2020-08-31,80000.0,81333.0,80000.0,80000.0,311152,VND,1333.0,0.0,79746.0,78571.5,78340.80952380953,1567.252479128144,1406.9321809898863
2020-09-01,80178.0,83556.0,79911.0,82400.0,759724,VND,3645.0,-2222.0,80584.14285714286,78908.0,78556.66666666667,1044.0821213823838,1656.2489949683018
2020-09-03,83111.0,84978.0,82400.0,84000.0,1166715,VND,2578.0,-889.0,81282.57142857143,79320.71428571429,78831.80952380953,1450.5147198083612,2034.5922839490252
2020-09-04,84000.0,84889.0,82933.0,83556.0,929205,VND,1956.0,444.0,81663.57142857143,79739.78571428571,79128.14285714286,1664.402280814552,2247.429404580164
2020-09-07,83556.0,84711.0,81333.0,81333.0,523575,VND,3378.0,2223.0,81727.0,79981.0,79297.42857142857,1638.2187481122262,2274.373288873875
2020-09-08,81422.0,82222.0,80445.0,80445.0,700076,VND,1777.0,977.0,81663.57142857143,80235.0,79424.42857142857,1684.0270046470994,2259.7015858610525
2020-09-09,80356.0,82133.0,79467.0,80445.0,974115,VND,2666.0,-89.0,81739.85714285714,80489.0,79521.80952380953,1601.4761345469785,2257.409945469554
2020-09-10,80889.0,82222.0,80445.0,80445.0,473805,VND,1777.0,444.0,81803.42857142857,80774.71428571429,79648.80952380953,1528.0498309001566,2229.2453121863564
2020-09-11,80000.0,82045.0,79911.0,80978.0,462769,VND,2134.0,-978.0,81600.28571428571,81092.21428571429,79805.42857142857,1530.0426698064036,2200.016672014767
2020-09-14,81156.0,83200.0,81067.0,82756.0,685046,VND,2133.0,-1600.0,81422.57142857143,81352.57142857143,80021.33333333333,1251.80893871524,2258.552419877252
2020-09-15,82845.0,84445.0,82845.0,84445.0,1106505,VND,1600.0,-1600.0,81549.57142857143,81606.57142857143,80343.04761904762,1520.5704913115198,2387.223564649754
2020-09-16,84356.0,84889.0,82756.0,84889.0,612337,VND,2133.0,-533.0,82057.57142857143,81892.28571428571,80673.19047619047,1965.1649512735428,2516.500876595269
2020-09-17,82756.0,84889.0,82667.0,83556.0,938104,VND,2222.0,-800.0,82502.0,82082.78571428571,80990.66666666667,1890.040740301541,2434.434355930201
2020-09-18,84445.0,84800.0,83111.0,83556.0,1225474,VND,1689.0,889.0,82946.42857142857,82343.14285714286,81308.14285714286,1679.8101933593043,2304.018929733728
2020-09-21,83556.0,85333.0,83556.0,85333.0,643342,VND,1777.0,-1777.0,83644.71428571429,82724.07142857143,81731.38095238095,1469.4631348765947,2178.9635259955417
2020-09-22,85333.0,85511.0,84089.0,84089.0,568384,VND,1422.0,1244.0,84089.14285714286,82844.71428571429,82091.19047619047,881.2244187435194,1881.144907205342
2020-09-23,84445.0,85067.0,84000.0,84000.0,125809,VND,1067.0,445.0,84266.85714285714,82844.71428571429,82324.0,666.9506299993211,1794.4070887064079
2020-09-24,83378.0,84889.0,82667.0,82667.0,437557,VND,2222.0,711.0,84012.85714285714,82781.21428571429,82408.66666666667,889.3007418883691,1765.0187345558488
2020-09-25,84000.0,84267.0,82489.0,82489.0,463736,VND,1778.0,1511.0,83670.0,82863.78571428571,82484.85714285714,955.4049752152846,1730.3321151071598
2020-09-28,82667.0,83733.0,82489.0,82489.0,228195,VND,1244.0,178.0,83517.57142857143,83009.78571428571,82561.04761904762,1056.4023629188036,1691.3358175178662
2020-09-29,83556.0,83556.0,81333.0,81333.0,443801,VND,2223.0,2223.0,83200.0,83073.21428571429,82628.76190476191,1339.2056103026907,1606.2595651002255
2020-09-30,81333.0,83022.0,81333.0,81333.0,469530,VND,1689.0,0.0,82628.57142857143,83136.64285714286,82692.23809523809,1111.3891993269451,1521.272359071826
2020-10-01,81689.0,83022.0,81689.0,82222.0,239074,VND,1333.0,-533.0,82361.85714285714,83225.5,82683.76190476191,907.892142744295,1523.4763504813457
2020-10-02,82222.0,83556.0,81778.0,83556.0,450866,VND,1778.0,-1334.0,82298.42857142857,83282.64285714286,82662.61904761905,781.0155476774985,1507.2911621909086
2020-10-05,83556.0,83556.0,81778.0,82933.0,101756,VND,1778.0,623.0,82336.42857142857,83174.64285714286,82632.95238095238,807.943862971913,1494.908474662855
2020-10-06,82933.0,82933.0,81600.0,81600.0,586339,VND,1333.0,1333.0,82209.42857142857,82939.71428571429,82645.66666666667,848.8016763143181,1484.3979699976376
2020-10-07,81333.0,83111.0,80889.0,82222.0,429210,VND,2222.0,-889.0,82171.28571428571,82844.42857142857,82730.28571428571,840.0991438088056,1400.9806973279385
2020-10-08,81778.0,82578.0,81333.0,82045.0,244114,VND,1245.0,-267.0,82273.0,82736.5,82806.47619047618,761.0742407936955,1311.1086766185756
2020-10-09,82045.0,83289.0,82045.0,83200.0,348277,VND,1244.0,-1155.0,82539.71428571429,82584.14285714286,82937.66666666667,701.5669876033907,1195.7629503095775
2020-10-12,83200.0,83556.0,82222.0,83467.0,367076,VND,1334.0,-267.0,82717.57142857143,82539.71428571429,83056.19047619047,762.7430447933192,1112.2471676315809
2020-10-13,83467.0,83645.0,83022.0,83645.0,305989,VND,623.0,-178.0,82730.28571428571,82514.35714285714,83098.52380952382,779.6036844201903,1117.1576262571307
2020-10-14,83645.0,84445.0,83556.0,84445.0,437917,VND,889.0,-800.0,82946.28571428571,82641.35714285714,83098.52380952382,1018.1070202888837,1117.1576262571307
2020-10-15,84533.0,86667.0,80889.0,86667.0,1528402,VND,5778.0,-2134.0,83670.14285714286,82939.78571428571,83183.19047619047,1558.9898897010169,1310.3149094414102
2020-10-16,87200.0,87200.0,86133.0,86756.0,671164,VND,1067.0,444.0,84317.85714285714,83244.57142857143,83335.57142857143,1782.8515014408558,1524.4157100812497
2020-10-19,86933.0,87022.0,86578.0,86845.0,416914,VND,444.0,88.0,85003.57142857143,83638.28571428571,83492.19047619047,1683.2755624219674,1706.300753649368
2020-10-20,86578.0,87022.0,85156.0,86933.0,575156,VND,1866.0,-355.0,85536.85714285714,84038.28571428571,83568.38095238095,1606.2154721133973,1824.252325644311
2020-10-21,86933.0,87022.0,85956.0,86489.0,193511,VND,1066.0,444.0,85968.57142857143,84343.07142857143,83682.66666666667,1341.4665925944237,1930.5778495913983
2020-10-22,86222.0,88978.0,86045.0,88978.0,699311,VND,2933.0,-2756.0,86730.42857142857,84730.35714285714,83919.71428571429,1316.0476000941128,2250.5826832812204
2020-10-23,89067.0,93245.0,88889.0,92445.0,1981215,VND,4356.0,-3378.0,87873.28571428571,85409.78571428571,84385.33333333333,2186.403951262044,2897.0746337180985
2020-10-26,96889.0,97333.0,93245.0,93422.0,1096560,VND,4088.0,3467.0,88838.28571428571,86254.21428571429,84905.95238095238,2929.6388693422296,3465.7911431040534
2020-10-27,95111.0,95200.0,92445.0,93956.0,904522,VND,2755.0,1155.0,89866.85714285714,87092.35714285714,85452.0,3315.269593289398,3937.2219901853878
2020-10-28,93956.0,95111.0,87822.0,89067.0,1333001,VND,7289.0,4889.0,90184.28571428571,87593.92857142857,85820.28571428571,3075.4105262160747,3894.1499861054476
2020-10-29,89067.0,91556.0,88889.0,89511.0,1493752,VND,2667.0,-444.0,90552.57142857143,88044.71428571429,86209.71428571429,2759.284741688135,3831.3768692579715
2020-10-30,90222.0,94667.0,89511.0,94667.0,1093950,VND,5156.0,-4445.0,91720.85714285714,88844.71428571429,86802.33333333333,2467.9135201330796,4134.2329800499365
2020-11-02,94667.0,95111.0,93333.0,94667.0,777499,VND,1778.0,0.0,92533.57142857143,89632.0,87331.42857142857,2347.926167006253,4400.415725490268
2020-11-03,95111.0,95111.0,92800.0,92800.0,844954,VND,2311.0,2311.0,92584.28571428571,90228.78571428571,87801.28571428571,2349.527591827831,4433.938375111324
2020-11-04,92711.0,92800.0,91556.0,92000.0,557257,VND,1244.0,711.0,92381.14285714286,90609.71428571429,88296.52380952382,2326.386140817746,4284.967743391288
2020-11-05,92622.0,95022.0,92445.0,92889.0,888592,VND,2577.0,-267.0,92228.71428571429,91047.78571428571,88804.47619047618,2239.3279285149374,4159.276627239858
2020-11-06,94222.0,94222.0,92889.0,93422.0,666934,VND,1333.0,800.0,92850.85714285714,91517.57142857143,89346.23809523809,1770.3859681405183,3971.517492152731
2020-11-09,93422.0,94400.0,93067.0,94311.0,904140,VND,1333.0,-889.0,93536.57142857143,92044.57142857143,89875.33333333333,1040.155574443509,3850.018601686514
2020-11-10,94667.0,95289.0,93867.0,93867.0,879727,VND,1422.0,800.0,93422.28571428571,92571.57142857143,90370.57142857143,933.7583046093202,3648.0752126486695
2020-11-11,93867.0,94222.0,91556.0,94045.0,1161877,VND,2666.0,-178.0,93333.42857142857,92933.5,90865.80952380953,817.9871346049796,3385.902340869192
2020-11-12,94045.0,94933.0,93333.0,94933.0,767992,VND,1600.0,-888.0,93638.14285714286,93111.21428571429,91365.23809523809,969.4280837287941,3157.245079254197
2020-11-13,94933.0,96000.0,94311.0,95467.0,602269,VND,1689.0,-534.0,94133.42857142857,93257.28571428571,91784.28571428571,873.9561120059151,3085.6710800544374
2020-11-16,95467.0,96445.0,88889.0,90667.0,2004525,VND,7556.0,4800.0,93816.0,93022.35714285714,91970.52380952382,1546.2316557785216,2878.0515391325685
2020-11-17,91556.0,94222.0,90845.0,94222.0,970110,VND,3377.0,-2666.0,93930.28571428571,93390.57142857143,92321.80952380953,1541.8152412314123,2663.3656267781394
2020-11-18,94222.0,94222.0,91556.0,93245.0,845179,VND,2666.0,977.0,93778.0,93657.28571428571,92622.38095238095,1550.5645208541287,2364.1714717036853
2020-11-19,93156.0,93156.0,91556.0,92445.0,1341787,VND,1600.0,711.0,93574.85714285714,93498.57142857143,92906.0,1628.1687492974318,1904.074604630422
2020-11-20,92889.0,92889.0,91911.0,92267.0,600570,VND,978.0,622.0,93320.85714285714,93327.14285714286,93062.61904761905,1680.448593735851,1687.8095116503905
2020-11-23,92445.0,93422.0,91645.0,92267.0,827606,VND,1777.0,178.0,92940.0,93289.07142857143,93054.14285714286,1551.3268514398833,1691.5091866643563
2020-11-24,92356.0,93333.0,91645.0,92445.0,913747,VND,1688.0,-89.0,92508.28571428571,93320.85714285714,93007.61904761905,1079.6871019391183,1694.3191693472445
2020-11-25,92533.0,94400.0,92533.0,93867.0,1375301,VND,1867.0,-1334.0,92965.42857142857,93390.71428571429,93003.38095238095,815.1952439217661,1691.937956196248
2020-11-26,93333.0,94400.0,92889.0,94311.0,613631,VND,1511.0,-978.0,92978.14285714286,93454.21428571429,93253.09523809524,838.4230094979059,1451.866932771269
2020-11-27,94222.0,94311.0,93156.0,93511.0,810934,VND,1155.0,711.0,93016.14285714286,93397.07142857143,93443.57142857143,858.3253906234245,1171.7441090704476
2020-11-30,93511.0,93778.0,92267.0,92356.0,1796445,VND,1511.0,1155.0,93003.42857142857,93289.14285714286,93333.52380952382,868.7910867287552,1159.5559330636936
2020-12-01,91556.0,93333.0,91378.0,93333.0,1072384,VND,1955.0,-1777.0,93155.71428571429,93238.28571428571,93270.0,809.6029303061255,1118.671086601624
2020-12-02,93245.0,93778.0,92622.0,93333.0,560149,VND,1156.0,-88.0,93308.0,93124.0,93295.38095238095,708.5221709057596,1113.5088897792884
2020-12-03,93333.0,94045.0,92711.0,94045.0,823219,VND,1334.0,-712.0,93536.57142857143,93022.42857142857,93392.76190476191,638.3191096251194,1083.5777270111448
2020-12-04,94045.0,94667.0,92889.0,94045.0,896692,VND,1778.0,0.0,93562.0,93263.71428571429,93447.80952380953,656.9497697680677,1086.0666931193527
2020-12-07,94222.0,94222.0,93422.0,94045.0,763492,VND,800.0,177.0,93524.0,93251.07142857143,93477.47619047618,612.6007400134181,1093.8076896343362
2020-12-08,94045.0,94045.0,93156.0,93333.0,840690,VND,889.0,712.0,93498.57142857143,93257.35714285714,93430.90476190476,616.9094631407504,1077.238827036343
2020-12-09,93333.0,94222.0,92800.0,94222.0,888514,VND,1422.0,-889.0,93765.14285714286,93384.28571428571,93447.80952380953,409.0478491025748,1087.1642294994838
2020-12-10,94222.0,95111.0,93245.0,93245.0,1101994,VND,1866.0,977.0,93752.57142857143,93454.14285714286,93409.71428571429,425.5615337949609,1079.178861118101
2020-12-11,93245.0,94933.0,93245.0,94933.0,640530,VND,1688.0,-1688.0,93981.14285714286,93644.57142857143,93409.71428571429,568.3708966764187,1079.178861118101
2020-12-14,94845.0,96800.0,93778.0,96800.0,1262677,VND,3022.0,-1955.0,94374.71428571429,93955.64285714286,93473.19047619047,1210.775332074515,1234.2920893788496
2020-12-15,96800.0,96800.0,94845.0,95111.0,1356412,VND,1955.0,1689.0,94527.0,94044.5,93684.80952380953,1229.290445744307,1103.1051454431683
2020-12-16,94933.0,95200.0,94133.0,95111.0,850725,VND,1067.0,-178.0,94679.28571428571,94101.64285714286,93727.14285714286,1225.651216602884,1141.1535955207153
2020-12-17,95111.0,95111.0,92978.0,93067.0,1521652,VND,2133.0,2044.0,94641.28571428571,94069.92857142857,93718.66666666667,1277.3799636078531,1145.5664246702424
2020-12-18,93067.0,94311.0,92889.0,93067.0,1519627,VND,1422.0,0.0,94476.28571428571,94120.71428571429,93748.28571428571,1408.438699918039,1118.715072877871
2020-12-21,93778.0,94578.0,93245.0,94578.0,660487,VND,1333.0,-800.0,94666.71428571429,94209.64285714286,93858.33333333333,1300.1690549412406,1078.6650700434059
2020-12-22,94222.0,95556.0,93600.0,93956.0,583110,VND,1956.0,266.0,94527.14285714286,94254.14285714286,93938.76190476191,1319.1210998951967,1015.1778122450232
2020-12-23,93956.0,95111.0,93689.0,93956.0,789109,VND,1422.0,0.0,94120.85714285714,94247.78571428571,94010.71428571429,860.7487880843877,955.8235267475403
2020-12-24,95111.0,95111.0,92445.0,93956.0,935370,VND,2666.0,1155.0,93955.85714285714,94241.42857142857,94014.95238095238,741.7940928510785,955.3516355863104
2020-12-25,93956.0,94578.0,93333.0,94133.0,416587,VND,1245.0,-177.0,93816.14285714286,94247.71428571429,94006.47619047618,557.0659531767897,953.3812783473114
2020-12-28,94133.0,94756.0,93689.0,94133.0,800674,VND,1067.0,0.0,93968.42857142857,94304.85714285714,94036.09523809524,454.382679077778,946.8581152815759
2020-12-29,94311.0,94756.0,94045.0,94667.0,688905,VND,711.0,-356.0,94197.0,94336.64285714286,94146.14285714286,302.35078964386736,873.2641802855533
2020-12-30,94845.0,97422.0,94845.0,96445.0,1720069,VND,2577.0,-1600.0,94463.71428571429,94565.21428571429,94294.33333333333,909.1097686345865,985.2456715620131
2020-12-31,96445.0,97156.0,93778.0,96178.0,738045,VND,3378.0,267.0,94781.14285714286,94654.14285714286,94429.80952380953,1075.0627002747574,1040.4996212892597
2021-01-04,96445.0,96889.0,94667.0,96000.0,1114987,VND,2222.0,445.0,95073.14285714286,94597.0,94522.90476190476,1091.0593366947098,1090.6009308975074
2021-01-05,95289.0,97689.0,95289.0,97511.0,1341225,VND,2400.0,-2222.0,95581.0,94768.42857142857,94687.95238095238,1293.0693459097702,1263.2591371596511
2021-01-06,97778.0,98222.0,96800.0,97956.0,1443375,VND,1422.0,-178.0,96127.14285714286,94971.64285714286,94874.19047619047,1383.7260601441162,1439.7021087374421
2021-01-07,98133.0,98667.0,96889.0,97867.0,970087,VND,1778.0,266.0,96660.57142857143,95314.5,95090.09523809524,1193.5145379839619,1533.9095770202496
2021-01-08,97867.0,100178.0,97867.0,99378.0,1517287,VND,2311.0,-1511.0,97333.57142857143,95765.28571428571,95335.61904761905,1210.1273840849858,1780.7889958154142
2021-01-11,100267.0,101867.0,100267.0,101156.0,1728787,VND,1600.0,-889.0,98006.57142857143,96235.14285714286,95712.33333333333,1799.8772048056524,2120.7327585840503
2021-01-12,103111.0,103111.0,101067.0,101689.0,1103737,VND,2044.0,1422.0,98793.85714285714,96787.5,96034.04761904762,2054.07005954564,2478.80849353418
2021-01-13,101689.0,101867.0,98756.0,98756.0,1392637,VND,3111.0,2933.0,99187.57142857143,97130.35714285714,96127.19047619047,1654.5866409405578,2544.8967094762206
2021-01-14,99111.0,99822.0,97778.0,98133.0,1618987,VND,2044.0,978.0,99276.42857142857,97428.71428571429,96271.09523809524,1563.7509240217748,2569.8806763105376
2021-01-15,99022.0,99733.0,97600.0,98845.0,1392750,VND,2133.0,177.0,99403.42857142857,97765.28571428571,96448.90476190476,1472.050594367923,2614.3924515026974
2021-01-18,99556.0,99645.0,97867.0,98045.0,930262,VND,1778.0,1511.0,99428.85714285714,98044.71428571429,96685.95238095238,1442.3237533653166,2516.2588792922543
2021-01-19,98045.0,98045.0,91200.0,91289.0,1538550,VND,6845.0,6756.0,98273.28571428571,97803.42857142857,96601.28571428571,3400.7121173013065,2669.3718014326505
2021-01-20,91556.0,93333.0,91111.0,91822.0,2109937,VND,2222.0,-266.0,96939.85714285714,97473.21428571429,96470.04761904762,3878.3991727071098,2836.345456325295
2021-01-21,93333.0,93511.0,91556.0,93422.0,1760175,VND,1955.0,-89.0,95758.85714285714,97276.35714285714,96444.61904761905,3423.1933156321365,2862.2865942489316
2021-01-22,93422.0,94667.0,93333.0,93333.0,1230975,VND,1334.0,89.0,94984.14285714286,97085.85714285714,96414.95238095238,3240.6315448569417,2892.439774242007
2021-01-25,93333.0,94045.0,92533.0,93156.0,930712,VND,1512.0,177.0,94273.14285714286,96774.78571428571,96376.85714285714,2969.239938018129,2931.4501920669804
2021-01-26,93156.0,93333.0,88533.0,90222.0,1157175,VND,4800.0,2934.0,93041.28571428571,96222.35714285714,96190.61904761905,2509.5116201019487,3193.6421132646
2021-01-27,90222.0,91556.0,88445.0,88889.0,1675012,VND,3111.0,1333.0,91733.28571428571,95581.07142857143,95940.90476190476,1732.7321118472803,3547.938428224814
2021-01-28,83822.0,85333.0,82667.0,82667.0,1960762,VND,2666.0,1155.0,90501.57142857143,94387.42857142857,95369.47619047618,3859.932419837486,4579.7047570671
2021-01-29,82222.0,88445.0,82222.0,88356.0,1904512,VND,6223.0,-6134.0,90006.42857142857,93473.14285714286,94984.28571428571,3884.547372051533,4818.66269978342
2021-02-01,88356.0,91556.0,87822.0,88000.0,1507500,VND,3734.0,356.0,89231.85714285714,92495.35714285714,94594.85714285714,3621.651346580541,5042.622088613208
2021-02-02,88000.0,94133.0,88000.0,94133.0,1992600,VND,6133.0,-6133.0,89346.14285714286,92165.14285714286,94505.95238095238,3781.7225100283763,5033.05896524345
2021-02-03,93333.0,96000.0,93333.0,95556.0,1911262,VND,2667.0,-2223.0,89689.0,91981.07142857143,94412.85714285714,4262.882592800111,4992.61423790882
2021-02-04,95467.0,95556.0,90667.0,93333.0,1150200,VND,4889.0,2134.0,90133.42857142857,91587.35714285714,94192.71428571429,4484.139414169957,4930.1036920418
2021-02-05,93333.0,95556.0,93333.0,95556.0,1038262,VND,2223.0,-2223.0,91085.85714285714,91409.57142857143,94082.66666666667,4867.423597365312,4869.406024694576
2021-02-08,95822.0,95822.0,89778.0,89778.0,3850312,VND,6044.0,6044.0,92101.71428571429,91301.64285714286,93625.52380952382,3310.600384335159,4797.516697407457
2021-02-09,92445.0,94667.0,90222.0,94400.0,1977750,VND,4445.0,-1955.0,92965.14285714286,91485.78571428571,93303.80952380953,2938.072748620883,4483.534148626886
2021-02-17,94489.0,96000.0,94400.0,96000.0,1410300,VND,1600.0,-1511.0,94108.0,91669.92857142857,93032.90476190476,2129.494697496305,4107.666100168671
2021-02-18,95556.0,97778.0,94311.0,97778.0,1613700,VND,3467.0,-2222.0,94628.71428571429,91987.42857142857,92986.33333333333,2542.267932003522,4044.5950271111255
2021-02-19,95645.0,97333.0,95111.0,96889.0,1612350,VND,2222.0,-1244.0,94819.14285714286,92254.07142857143,92927.09523809524,2670.017130317464,3973.9395806271277
2021-02-22,97067.0,98400.0,94222.0,97511.0,1666125,VND,4178.0,-444.0,95416.0,92774.71428571429,92863.57142857143,2748.2647252399524,3884.2615845410814
2021-02-23,96178.0,99289.0,95556.0,97778.0,1568137,VND,3733.0,-1600.0,95733.42857142857,93409.64285714286,92850.85714285714,2891.7085985703757,3866.8512550355704
2021-02-24,99022.0,99022.0,94222.0,96178.0,1068862,VND,4800.0,2844.0,96647.71428571429,94374.71428571429,93083.66666666667,1228.207191299624,3914.9907322153426
2021-02-25,97333.0,97689.0,94311.0,96800.0,1140187,VND,3378.0,533.0,96990.57142857143,94977.85714285714,93320.71428571429,730.1908100255778,3984.861078417209
2021-02-26,94400.0,97689.0,94400.0,96889.0,1042650,VND,3289.0,-2489.0,97117.57142857143,95612.78571428571,93485.80952380953,593.7527142779817,4060.3717516876923
2021-03-01,97689.0,97689.0,95733.0,96445.0,874912,VND,1956.0,1244.0,96927.14285714286,95777.92857142857,93634.0,559.4042749705606,4110.989321318968
2021-03-02,96445.0,96978.0,94400.0,96178.0,1042087,VND,2578.0,267.0,96825.57142857143,95822.35714285714,93777.90476190476,627.8457499358316,4146.162296687716
2021-03-03,94756.0,96178.0,94667.0,95022.0,1209712,VND,1511.0,-266.0,96470.0,95943.0,94006.47619047618,842.929613509663,4071.9737673397744
2021-03-04,95645.0,95911.0,94756.0,95022.0,1880325,VND,1155.0,623.0,96076.28571428571,95904.85714285714,94298.52380952382,770.7080541684594,3903.0180965380137
2021-03-05,95022.0,95556.0,94045.0,94489.0,1456650,VND,1511.0,533.0,95835.0,96241.35714285714,94861.47619047618,971.7290431656181,2852.715524180971
2021-03-08,94667.0,95111.0,93333.0,94222.0,1563862,VND,1778.0,445.0,95466.71428571429,96228.64285714286,95140.80952380953,1031.717615480848,2441.401823113732
2021-03-09,93333.0,94489.0,88889.0,92711.0,1786050,VND,5600.0,622.0,94869.85714285714,95993.71428571429,95365.14285714286,1255.9221616759332,1911.3455544641004
2021-03-10,92889.0,94222.0,90756.0,94222.0,648337,VND,3466.0,-1333.0,94552.28571428571,95739.71428571429,95369.38095238095,1056.466234557542,1908.573537387883
2021-03-11,94222.0,96000.0,93867.0,94133.0,1247287,VND,2133.0,89.0,94260.14285714286,95542.85714285714,95301.61904761905,778.0474339795178,1926.790660039982
2021-03-12,94133.0,94667.0,93333.0,94133.0,1262587,VND,1334.0,0.0,94133.14285714286,95301.57142857143,95339.71428571429,701.7814067467546,1893.5440090697573
2021-03-15,94133.0,94400.0,93689.0,94222.0,2961450,VND,711.0,-89.0,94018.85714285714,95047.57142857143,95276.19047619047,588.97974740687,1908.2445236140545
2021-03-16,94222.0,94222.0,93245.0,93689.0,1530675,VND,977.0,533.0,93904.57142857143,94869.78571428571,95462.42857142857,559.4231723057335,1489.7758412395758
2021-03-17,92622.0,93600.0,92445.0,93067.0,1417950,VND,1155.0,-445.0,93739.57142857143,94603.14285714286,95398.95238095238,617.5105551426773,1563.8630207333665
2021-03-18,93778.0,94756.0,93511.0,94756.0,1658137,VND,1245.0,-978.0,94031.71428571429,94450.78571428571,95339.71428571429,526.885729002872,1563.5182807642416
2021-03-19,93867.0,96356.0,93867.0,96356.0,1828912,VND,2489.0,-2489.0,94336.57142857143,94444.42857142857,95272.0,1031.2760472892726,1481.2680041094084
2021-03-22,96356.0,96356.0,92889.0,95378.0,1095637,VND,3467.0,978.0,94514.42857142857,94387.28571428571,95200.04761904762,1095.6643125120831,1434.7634814203118
2021-03-23,94222.0,95111.0,93422.0,94667.0,1164037,VND,1689.0,-445.0,94590.71428571429,94361.92857142857,95064.61904761905,1083.20015298506,1336.5890346764638
2021-03-24,93778.0,96000.0,92267.0,95911.0,1242112,VND,3733.0,-2133.0,94832.0,94425.42857142857,94975.71428571429,1171.86517995812,1202.4421875017717
2021-03-25,95378.0,99911.0,95200.0,98133.0,4862249,VND,4711.0,-2755.0,95466.85714285714,94685.71428571429,95068.80952380953,1581.5843774062132,1364.8865381060345
2021-03-26,97778.0,100889.0,97778.0,99911.0,3293775,VND,3111.0,-2133.0,96444.57142857143,95092.07142857143,95216.95238095238,1928.214619549865,1691.851366881067
2021-03-29,100000.0,100889.0,99822.0,100267.0,3533512,VND,1067.0,-267.0,97231.85714285714,95631.78571428571,95377.80952380953,2225.946422578189,1992.6249426078703
2021-03-30,100267.0,105422.0,99556.0,104000.0,5827049,VND,5866.0,-3733.0,98323.85714285714,96330.21428571429,95737.57142857143,3327.221284523853,2737.6664802603404
2021-03-31,104445.0,106222.0,104000.0,104800.0,3176550,VND,2222.0,-355.0,99669.85714285714,97092.14285714286,96148.14285714286,3807.946709560826,3378.5355005637466
2021-04-01,105333.0,110578.0,104000.0,109333.0,2509762,VND,6578.0,-4000.0,101765.0,98177.85714285714,96829.61904761905,4557.468851602956,4422.158392416198
2021-04-02,110133.0,110133.0,108000.0,109333.0,2537437,VND,2133.0,800.0,103682.42857142857,99257.21428571429,97511.09523809524,4507.266646099976,5169.255941668396
2021-04-05,112000.0,112178.0,109511.0,110489.0,2530125,VND,2667.0,1511.0,105447.57142857143,100457.21428571429,98273.0,4389.682367291728,5837.493537469457
2021-04-06,110489.0,115111.0,110222.0,112889.0,2226825,VND,4889.0,-2400.0,107301.57142857143,101873.07142857143,99161.90476190476,4402.194371641468,6565.631294131106
2021-04-07,112889.0,113778.0,111733.0,113511.0,1910812,VND,2045.0,-622.0,109193.57142857143,103212.71428571429,100152.38095238095,3658.0972220147078,7091.652638674314
2021-04-08,114133.0,114133.0,110222.0,111467.0,1697850,VND,3911.0,2666.0,110260.28571428571,104292.07142857143,100973.57142857143,2901.729065820233,7363.832219513153
2021-04-09,110933.0,111467.0,109422.0,111022.0,1974937,VND,2045.0,-89.0,111149.14285714286,105409.5,101777.80952380953,1620.4530671557611,7500.38406095993
2021-04-12,111022.0,118045.0,109689.0,117333.0,3917137,VND,8356.0,-6311.0,112292.0,107028.5,102882.57142857143,2631.668228835848,8009.386940155887
2021-04-13,123556.0,125511.0,120889.0,125067.0,5684849,VND,4622.0,-1511.0,114539.71428571429,109111.07142857143,104351.38095238095,5174.1903300348185,9096.272662338988
2021-04-14,124445.0,126045.0,122756.0,124445.0,4615424,VND,3289.0,0.0,116533.42857142857,110990.5,105815.95238095238,5979.347730790661,9746.451474645291
2021-04-15,124356.0,128889.0,124356.0,125245.0,3846375,VND,4533.0,-889.0,118298.57142857143,112800.07142857143,107348.23809523809,6523.229104697919,10162.461664895578
2021-04-16,125245.0,128089.0,124445.0,127111.0,3361500,VND,3644.0,-1866.0,120241.42857142857,114717.5,108888.95238095238,6875.4431095295895,10601.09670966239
2021-04-19,126311.0,128178.0,125422.0,128000.0,3172837,VND,2756.0,-1689.0,122603.28571428571,116431.78571428571,110395.80952380953,6161.527914250821,10973.010724586946
2021-04-20,128000.0,129689.0,127111.0,127200.0,3496725,VND,2578.0,800.0,124914.42857142857,118031.78571428571,111911.14285714286,3591.668407909846,10992.644278269285
2021-04-22,126222.0,127022.0,122222.0,123378.0,3734437,VND,4800.0,2844.0,125778.0,119035.0,113278.33333333333,1686.354846010565,10515.796471657677
2021-04-23,123378.0,124000.0,118222.0,122933.0,4961249,VND,5778.0,445.0,125473.14285714286,120006.42857142857,114565.09523809524,2000.0289521705624,9920.82897193932
2021-04-26,123556.0,124000.0,116445.0,116889.0,2738812,VND,7555.0,6667.0,124393.71428571429,120463.57142857143,115458.23809523809,3840.0295881792317,9184.475874565209
2021-04-27,116889.0,118222.0,116889.0,117422.0,1835662,VND,1333.0,-533.0,123276.14285714286,120787.35714285714,116292.09523809524,4611.80215781791,8469.44513474585
2021-04-28,117422.0,118400.0,115378.0,116889.0,1814962,VND,3022.0,533.0,121815.85714285714,121028.64285714286,117083.61904761905,4809.2747002904725,7632.2536873202
2021-04-29,116889.0,118222.0,116178.0,116445.0,2453737,VND,2044.0,444.0,120165.14285714286,121384.21428571429,117676.23809523809,4287.641520640548,7024.519662615356
2021-05-04,116089.0,119911.0,112800.0,118756.0,1949175,VND,7111.0,-2667.0,118958.85714285714,121936.64285714286,118340.80952380953,2961.244413449782,6375.622123518468
2021-05-05,118756.0,120711.0,118756.0,118845.0,1427175,VND,1955.0,-89.0,118311.28571428571,122044.64285714286,118793.76190476191,2242.1161666512776,6032.313991369267
2021-05-06,118845.0,119111.0,116445.0,117778.0,1197225,VND,2666.0,1067.0,117574.85714285714,121524.0,119195.90476190476,939.0039809221555,5638.7316916545415
2021-05-07,117333.0,117333.0,114222.0,117333.0,1990237,VND,3111.0,0.0,117638.28571428571,121016.0,119521.80952380953,899.1017210299843,5297.809137926521
2021-05-10,117333.0,117778.0,114756.0,117778.0,1236712,VND,3022.0,-445.0,117689.14285714286,120482.64285714286,119754.61904761905,894.8872235395447,5095.31224240595
2021-05-11,117778.0,118578.0,116000.0,116445.0,1309725,VND,2578.0,1333.0,117625.71428571429,119720.78571428571,119894.33333333333,973.3481244784651,4953.81173777589
2021-05-12,115556.0,117333.0,113778.0,115378.0,1564200,VND,3555.0,178.0,117473.28571428571,118819.21428571429,120080.57142857143,1236.9270679493418,4687.504438092367
2021-05-13,113778.0,115556.0,112445.0,112445.0,1938937,VND,3111.0,1333.0,116571.71428571429,117765.28571428571,120148.33333333333,2126.3589940143697,4558.5182168470155
2021-05-14,112445.0,112889.0,109511.0,111378.0,2936025,VND,3378.0,1067.0,115505.0,116908.14285714286,119864.76190476191,2613.1111725292662,4913.785423730777
2021-05-17,112000.0,115556.0,110222.0,110222.0,2720137,VND,5334.0,1778.0,114425.57142857143,116000.21428571429,119157.85714285714,3042.9562849929794,5188.117763559782
2021-05-18,110222.0,112000.0,107556.0,107556.0,2759287,VND,4444.0,2666.0,113028.85714285714,115333.57142857143,118353.61904761905,3666.0535742840984,5618.708708200887
2021-05-19,106667.0,107556.0,104978.0,106756.0,2450700,VND,2578.0,-89.0,111454.28571428571,114571.71428571429,117473.19047619047,3653.2895092084846,5925.087101629691
2021-05-20,106756.0,109511.0,106667.0,109245.0,2345512,VND,2844.0,-2489.0,110425.71428571429,114025.71428571429,116622.42857142857,2962.1823438291,5752.169925961589
2021-05-21,109333.0,109333.0,107111.0,108889.0,1825200,VND,2222.0,444.0,109498.71428571429,113486.0,115712.38095238095,2019.414082869814,5360.569199965009
2021-05-24,108889.0,109867.0,107556.0,108533.0,2234025,VND,2311.0,356.0,108939.85714285714,112755.78571428571,114823.47619047618,1556.3822825776267,4887.223021502042
2021-05-25,108800.0,108800.0,107733.0,108711.0,1704262,VND,1067.0,89.0,108558.85714285714,112031.92857142857,114125.04761904762,1127.3614369498225,4645.630274528322
2021-05-26,108445.0,108622.0,107111.0,108178.0,1887187,VND,1511.0,267.0,108266.85714285714,111346.21428571429,113422.42857142857,857.1097612645199,4353.4918119985205
2021-05-27,107467.0,107556.0,105778.0,106933.0,2341462,VND,1778.0,534.0,108177.85714285714,110603.35714285714,112948.33333333333,968.3519381858346,4496.850523792046
2021-05-28,106756.0,109333.0,105778.0,106489.0,2078325,VND,3555.0,267.0,108139.71428571429,109797.0,112427.71428571429,1036.5495187204972,4585.033578315581
2021-05-31,106489.0,106667.0,103111.0,104445.0,2077650,VND,3556.0,2044.0,107454.0,108939.85714285714,111835.14285714286,1611.6470870917076,4779.630511720263
2021-06-01,103289.0,107556.0,103111.0,106667.0,2424825,VND,4445.0,-3378.0,107136.57142857143,108317.64285714286,111369.52380952382,1496.6215127342111,4784.367519526569
2021-06-02,106845.0,108356.0,104000.0,104445.0,3521925,VND,4356.0,2400.0,106552.57142857143,107746.21428571429,110688.04761904762,1650.5760466310653,4698.083891078931
2021-06-03,104889.0,105600.0,104000.0,105333.0,2800012,VND,1600.0,-444.0,106070.0,107314.42857142857,110044.61904761905,1387.1326540738646,4443.458680759346
2021-06-04,105333.0,107556.0,105333.0,107556.0,4150349,VND,2223.0,-2223.0,105981.14285714286,107124.0,109557.85714285714,1241.9128295450087,4100.602788440762
2021-06-07,109156.0,112445.0,108445.0,109333.0,4142024,VND,4000.0,-177.0,106324.0,107250.92857142857,109176.90476190476,1768.2449867966016,3693.5684629465113
2021-06-08,111022.0,111733.0,105778.0,106489.0,3037050,VND,5955.0,4533.0,106324.0,107231.85714285714,108639.33333333333,1768.2449867966016,3162.4856416006687
2021-06-09,106667.0,107556.0,104000.0,105600.0,2039962,VND,3556.0,1067.0,106489.0,106971.5,108122.90476190476,1610.5434900465423,2671.4673478209374
2021-06-10,105333.0,105956.0,103556.0,103556.0,3295125,VND,2400.0,1777.0,106044.57142857143,106590.57142857143,107559.95238095238,1947.2754348180003,2283.634657211284
2021-06-11,104000.0,104889.0,103378.0,104889.0,1945125,VND,1511.0,-889.0,106108.0,106330.28571428571,107200.14285714286,1892.9625810700384,2059.7490207714654
2021-06-14,105067.0,107111.0,104978.0,106667.0,2174737,VND,2133.0,-1600.0,106298.57142857143,106184.28571428571,106975.80952380953,1868.9336404428425,1825.1607770008713
2021-06-15,106667.0,108445.0,106222.0,108178.0,1516500,VND,2223.0,-1511.0,106387.42857142857,106184.28571428571,106878.47619047618,1951.637505373097,1693.1154307673348
2021-06-16,108178.0,108178.0,105778.0,105867.0,1328175,VND,2400.0,2311.0,105892.28571428571,106108.14285714286,106798.04761904762,1456.6870762429621,1699.426358397672
2021-06-17,104889.0,105689.0,104000.0,104000.0,3204562,VND,1689.0,889.0,105536.71428571429,105930.35714285714,106666.80952380953,1584.8913437288538,1805.915408290913
2021-06-18,104889.0,105156.0,104000.0,104356.0,2011950,VND,1156.0,533.0,105359.0,105924.0,106434.0,1645.2096117713318,1771.7389480388638
2021-06-21,104445.0,105689.0,104267.0,104356.0,1684350,VND,1422.0,89.0,105473.28571428571,105758.92857142857,106218.14285714286,1522.2822465276688,1733.4035388706723
2021-06-22,104889.0,105511.0,104089.0,104445.0,2431800,VND,1422.0,444.0,105409.85714285714,105758.92857142857,106023.47619047618,1559.4806217205478,1689.429359843962
2021-06-23,104889.0,104978.0,103556.0,103911.0,1441350,VND,1422.0,978.0,105016.14285714286,105657.35714285714,105794.90476190476,1536.932380703619,1631.3500514832178
2021-06-24,104800.0,105067.0,103822.0,104445.0,1546087,VND,1245.0,355.0,104482.85714285714,105435.14285714286,105617.14285714286,646.92540233685,1560.5379612715633
2021-06-25,104178.0,104889.0,103733.0,104445.0,1983712,VND,1156.0,-267.0,104279.71428571429,105086.0,105498.66666666667,226.4904076559398,1550.0523324493138
2021-06-28,104445.0,104533.0,103733.0,103733.0,1924875,VND,800.0,712.0,104241.57142857143,104889.14285714286,105367.42857142857,293.89899463229483,1578.4228068363461
2021-06-29,103911.0,106045.0,103911.0,104889.0,2632387,VND,2134.0,-978.0,104317.71428571429,104838.35714285714,105388.57142857143,383.78497203531606,1568.39094524966
2021-06-30,104889.0,108000.0,104889.0,105778.0,3021637,VND,3111.0,-889.0,104520.85714285714,104997.07142857143,105346.23809523809,674.0233498838833,1543.966382559695
2021-07-01,106400.0,106578.0,105333.0,105422.0,2469037,VND,1245.0,978.0,104660.42857142857,105035.14285714286,105392.76190476191,752.3062003239197,1530.1094700950175
2021-07-02,104978.0,105689.0,104445.0,104445.0,2012737,VND,1244.0,533.0,104736.71428571429,104876.42857142857,105350.47619047618,687.9701336250636,1544.0503754421486
2021-07-05,104445.0,104445.0,102133.0,102222.0,3110850,VND,2312.0,2223.0,104419.14285714286,104451.0,105096.47619047618,1181.2808625338523,1600.7814222757338
2021-07-06,102222.0,103111.0,99556.0,99556.0,3382312,VND,3555.0,2666.0,103720.71428571429,104000.21428571429,104630.90476190476,2183.5528933583482,1724.0486334424254
2021-07-07,99556.0,101333.0,97778.0,101333.0,2820375,VND,3555.0,-1777.0,103377.85714285714,103809.71428571429,104385.38095238095,2362.399587182966,1811.140675822182
2021-07-08,100445.0,100445.0,98222.0,98667.0,1666012,VND,2223.0,1778.0,102489.0,103403.35714285714,104055.23809523809,2824.409790852818,2174.1700923513054
2021-07-09,98489.0,98667.0,95556.0,96533.0,2011387,VND,3111.0,1956.0,101168.28571428571,102844.57142857143,103720.80952380953,3170.4404380822834,2725.127953308534
2021-07-12,96445.0,97778.0,90400.0,92445.0,3221887,VND,7378.0,4000.0,99314.42857142857,101987.42857142857,103128.23809523809,3963.463967168962,3653.2978239496388
2021-07-13,92533.0,93422.0,88000.0,91556.0,2649600,VND,5422.0,977.0,97473.14285714286,101104.92857142857,102408.66666666667,4171.178867281593,4344.26124137724
2021-07-14,91556.0,94578.0,90667.0,91556.0,2908237,VND,3911.0,0.0,95949.42857142857,100184.28571428571,101617.14285714286,4094.7404825028007,4737.037959376179
2021-07-15,91556.0,92178.0,89956.0,90667.0,2907225,VND,2222.0,889.0,94679.57142857143,99200.14285714286,100893.33333333333,4167.539876119659,5194.386444358269
2021-07-16,90756.0,94311.0,90756.0,94045.0,2427975,VND,3555.0,-3289.0,93638.42857142857,98508.14285714286,100419.28571428571,2965.2726607145187,5348.654776136281
2021-07-19,91645.0,93333.0,89333.0,91467.0,2082712,VND,4000.0,178.0,92609.85714285714,97549.42857142857,99805.52380952382,2032.2364059144259,5607.571137480527
2021-07-20,91200.0,91822.0,88889.0,91556.0,2396587,VND,2933.0,-356.0,91898.85714285714,96533.57142857143,99196.0,1077.0969359923495,5781.189263464746
2021-07-21,91645.0,94667.0,90667.0,92445.0,3110737,VND,4000.0,-800.0,91898.85714285714,95606.64285714286,98624.57142857143,1077.0969359923495,5829.278871107735
2021-07-22,92445.0,94933.0,92178.0,94400.0,2522475,VND,2755.0,-1955.0,92305.14285714286,94889.14285714286,98171.66666666667,1410.8812173687897,5767.16109826435
2021-07-23,94400.0,96711.0,92445.0,92445.0,3474900,VND,4266.0,1955.0,92432.14285714286,94190.78571428571,97600.23809523809,1371.6751836801657,5708.70300422755
2021-07-26,93156.0,93689.0,91645.0,92622.0,2182725,VND,2044.0,534.0,92711.42857142857,93695.5,97037.23809523809,1130.1378761229887,5581.494153940933
2021-07-27,93333.0,94045.0,92711.0,92711.0,1623150,VND,1334.0,622.0,92520.85714285714,93079.64285714286,96512.38095238095,968.7306864435201,5436.725452661722
2021-07-28,92711.0,93778.0,92445.0,93511.0,1341450,VND,1333.0,-800.0,92812.85714285714,92711.35714285714,95970.57142857143,904.0238618849016,5117.790075525154
2021-07-29,93778.0,93867.0,92889.0,93422.0,1211062,VND,978.0,356.0,93079.42857142857,92489.14285714286,95382.19047619047,730.0111545136816,4619.929822184079
2021-07-30,95111.0,95378.0,94222.0,95289.0,2631600,VND,1156.0,-178.0,93485.71428571429,92692.28571428571,94899.66666666667,1042.5711349488988,4007.471314100016
2021-08-02,95556.0,97422.0,95022.0,95556.0,1892700,VND,2400.0,0.0,93650.85714285714,92978.0,94476.38095238095,1276.7789457030228,3367.130268881846
2021-08-03,97245.0,102222.0,96889.0,101778.0,8204736,VND,5333.0,-4533.0,94984.14285714286,93708.14285714286,94455.23809523809,3212.8334031179375,3317.0842905294826
2021-08-04,102667.0,103467.0,101333.0,101333.0,3242700,VND,2134.0,1334.0,96228.57142857143,94470.0,94539.85714285714,3782.0153735427966,3472.7253891680957
2021-08-05,101067.0,102222.0,100356.0,101333.0,2305350,VND,1866.0,-266.0,97460.28571428571,94990.57142857143,94539.85714285714,3848.893421676965,3472.7253891680957
2021-08-06,102222.0,103022.0,100711.0,100711.0,3399637,VND,2311.0,1511.0,98488.85714285714,95650.85714285714,94637.19047619047,3569.5110509503534,3619.7180776831233
2021-08-09,100622.0,101067.0,99200.0,100533.0,3622275,VND,1867.0,89.0,99504.71428571429,96292.07142857143,94827.66666666667,2820.4660793495427,3823.94920642711
2021-08-10,102222.0,102222.0,100445.0,100445.0,3184425,VND,1777.0,1777.0,100241.28571428571,96863.5,95208.61904761905,2123.0599547417382,3970.3996332384636
2021-08-11,100445.0,101333.0,98667.0,98667.0,2679750,VND,2666.0,1778.0,100685.71428571429,97168.28571428571,95547.23809523809,1015.5587483882715,3946.4687874702836
2021-08-12,98667.0,100356.0,98222.0,98756.0,2062575,VND,2134.0,-89.0,100254.0,97619.07142857143,95890.09523809524,1111.6223879235063,3894.8037037156396
2021-08-13,99111.0,99733.0,98222.0,98578.0,2384212,VND,1511.0,533.0,99860.42857142857,98044.5,96266.80952380953,1152.8711777039161,3744.0208281879954
2021-08-16,99556.0,100178.0,98311.0,98311.0,3471525,VND,1867.0,1245.0,99428.71428571429,98444.5,96469.95238095238,1072.5587341002529,3733.158910041167
2021-08-17,100000.0,103400.0,98900.0,98900.0,4887500,VND,4500.0,1100.0,99170.0,98829.42857142857,96823.90476190476,919.1521455483785,3584.5095885597516
2021-08-18,99000.0,100200.0,97900.0,97900.0,2297700,VND,2300.0,1100.0,98793.85714285714,99149.28571428571,97126.0,799.3529526164917,3379.828753058434
2021-08-19,97900.0,104000.0,96700.0,104000.0,3521100,VND,7300.0,-6100.0,99301.71428571429,99771.5,97676.23809523809,2097.85642297753,3517.434873665264
2021-08-20,100000.0,102000.0,97200.0,97700.0,4953900,VND,4800.0,2300.0,99163.57142857143,99924.64285714286,97833.38095238095,2176.964695559808,3436.5332746271188
2021-08-23,97500.0,97700.0,95800.0,96200.0,2161000,VND,1900.0,1300.0,98798.42857142857,99526.21428571429,98012.19047619047,2453.5140687825397,3233.8604889365674
2021-08-24,96400.0,97000.0,95100.0,95400.0,1417400,VND,1900.0,1000.0,98344.42857142857,99102.42857142857,98144.47619047618,2774.1756647781413,3054.1690296879474
2021-08-25,95400.0,95400.0,93000.0,94600.0,2057000,VND,2400.0,800.0,97814.28571428571,98621.5,98234.42857142857,3115.246684415472,2910.5815324678833
2021-08-26,94600.0,94600.0,93000.0,93100.0,1766200,VND,1600.0,1500.0,96985.71428571429,98077.85714285714,98214.85714285714,3522.9857466967383,2945.108084361535
2021-08-27,93000.0,95000.0,91500.0,94800.0,2485900,VND,3500.0,-1800.0,96542.85714285714,97668.35714285714,98280.47619047618,3583.228126916241,2846.687366379558
2021-08-30,95000.0,95300.0,94100.0,94100.0,1414900,VND,1200.0,900.0,95128.57142857143,97215.14285714286,98223.85714285714,1494.1154414505652,2920.0403299563636
2021-08-31,94100.0,95100.0,93800.0,94100.0,1529600,VND,1300.0,0.0,94614.28571428571,96888.92857142857,98154.52380952382,999.047165100517,3002.6696225034525
2021-09-01,94100.0,95000.0,94100.0,94100.0,1303100,VND,900.0,0.0,94314.28571428571,96556.35714285714,97788.90476190476,719.788328674083,3006.8493295269345
2021-09-06,94400.0,95800.0,94200.0,95000.0,1928800,VND,1600.0,-600.0,94257.14285714286,96300.78571428571,97487.33333333333,629.436633975714,2950.681147351205
2021-09-07,95500.0,95500.0,93900.0,93900.0,2280200,VND,1600.0,1600.0,94157.14285714286,95985.71428571429,97133.38095238095,621.4422549124688,2911.8659391564825
2021-09-08,94000.0,94300.0,92000.0,92000.0,2505700,VND,2300.0,2000.0,94000.0,95492.85714285714,96718.57142857143,972.9679679552205,2995.9814847798407
2021-09-09,92200.0,92400.0,91300.0,91300.0,2696600,VND,1100.0,900.0,93500.0,95021.42857142857,96278.90476190476,1327.905619136262,3084.3938611138997
2021-09-10,91800.0,92000.0,91300.0,91300.0,1614600,VND,700.0,500.0,93100.0,94114.28571428571,95843.42857142857,1524.2484486899527,3112.237323396777
2021-09-13,91800.0,93400.0,91600.0,92000.0,1828100,VND,1800.0,-200.0,92800.0,93707.14285714286,95525.95238095238,1501.110699893175,3149.628525337589
2021-09-14,92300.0,92900.0,91900.0,92000.0,1419300,VND,1000.0,300.0,92500.0,93407.14285714286,95204.23809523809,1404.7538337138744,3148.244175802996
2021-09-15,92000.0,92400.0,91300.0,91400.0,1037000,VND,1100.0,600.0,91985.71428571429,93121.42857142857,94862.42857142857,908.1640296568046,3153.2941279151655
2021-09-16,91400.0,91400.0,87800.0,87800.0,15130200,VND,3600.0,3600.0,91114.28571428571,92635.71428571429,94361.90476190476,1499.3649449336815,3402.862940301557
2021-09-17,88000.0,89200.0,86800.0,86800.0,5567900,VND,2400.0,1200.0,90371.42857142857,92185.71428571429,93785.71428571429,2139.0919301692406,3613.9017300263527
2021-09-20,87000.0,88900.0,86000.0,86700.0,4014800,VND,2900.0,300.0,89714.28571428571,91607.14285714286,93252.38095238095,2484.906820136906,3798.1072980658364
2021-09-21,85500.0,86400.0,85000.0,85600.0,4524800,VND,1400.0,-100.0,88900.0,91000.0,92376.19047619047,2793.444707405984,3282.058007090515
2021-09-22,85600.0,86900.0,85400.0,86100.0,2845500,VND,1500.0,-500.0,88057.14285714286,90428.57142857143,91823.80952380953,2584.4774732090714,3317.2134031302753
2021-09-23,86500.0,87400.0,86400.0,87100.0,2664100,VND,1000.0,-600.0,87357.14285714286,89928.57142857143,91390.47619047618,1915.600117332761,3311.329757349346
2021-09-24,87100.0,87500.0,86300.0,87000.0,3207900,VND,1200.0,100.0,86728.57142857143,89357.14285714286,90990.47619047618,711.1359122670491,3310.1215630105503
2021-09-27,87000.0,87500.0,83200.0,86100.0,3000800,VND,4300.0,900.0,86485.71428571429,88800.0,90585.71428571429,558.0578567050349,3365.900431428192
2021-09-28,85300.0,87000.0,85200.0,86500.0,2387300,VND,1800.0,-1200.0,86442.85714285714,88407.14285714286,90271.42857142857,541.1627692836939,3426.972841611928
2021-09-29,86700.0,86900.0,86000.0,86700.0,1911200,VND,900.0,0.0,86442.85714285714,88078.57142857143,89885.71428571429,541.1627692836939,3346.6827926005644
2021-09-30,86500.0,89400.0,86500.0,88000.0,3404700,VND,2900.0,-1500.0,86785.71428571429,87842.85714285714,89595.23809523809,664.4009116716796,3225.131964816212
2021-10-01,88000.0,88400.0,87200.0,87700.0,1734200,VND,1200.0,300.0,87014.28571428571,87535.71428571429,89290.47619047618,664.40091167165,3077.1585532611007
2021-10-04,87600.0,88000.0,87100.0,87800.0,1565200,VND,900.0,-200.0,87114.28571428571,87235.71428571429,88990.47619047618,728.9914755537975,2885.984192941473
2021-10-05,87800.0,88800.0,87100.0,88600.0,2370600,VND,1700.0,-800.0,87342.85714285714,87035.71428571429,88685.71428571429,914.4345117021606,2536.392263489442
2021-10-06,88800.0,89000.0,88100.0,88600.0,1736800,VND,900.0,200.0,87700.0,87092.85714285714,88433.33333333333,832.6663997873122,2237.707159870745
2021-10-07,88300.0,89500.0,88300.0,88800.0,2290900,VND,1200.0,-500.0,88028.57142857143,87235.71428571429,88280.95238095238,727.3565968965926,2086.5327813438635
2021-10-08,89000.0,89500.0,88800.0,89300.0,1298500,VND,700.0,-300.0,88400.0,87421.42857142857,88185.71428571429,585.9465277093474,1985.0152932129402
2021-10-11,89400.0,92000.0,89400.0,91900.0,2694300,VND,2600.0,-2500.0,88957.14285714286,87871.42857142857,88214.28571428571,1412.8660503358747,2035.7518793529932
2021-10-12,92000.0,93000.0,92000.0,92900.0,2438700,VND,1000.0,-900.0,89700.0,88357.14285714286,88257.14285714286,1918.3326093253738,2126.868926044796
2021-10-13,93000.0,93800.0,92800.0,93100.0,2581200,VND,1000.0,-100.0,90457.14285714286,88785.71428571429,88309.52380952382,2082.352149899592,2234.4808707859333
2021-10-14,93200.0,93200.0,91500.0,92500.0,2677900,VND,1700.0,700.0,91014.28571428571,89178.57142857143,88361.90476190476,2023.5518043190275,2321.739905863634
2021-10-15,92500.0,93000.0,92000.0,92600.0,1553700,VND,1000.0,-100.0,91585.71428571429,89642.85714285714,88590.47619047618,1778.0406551677524,2493.572690319689
2021-10-18,92300.0,92900.0,91100.0,92600.0,2039400,VND,1800.0,-300.0,92128.57142857143,90078.57142857143,88866.66666666667,1302.1959475113586,2604.0993324634637
2021-10-19,92600.0,92700.0,91500.0,92400.0,1686700,VND,1200.0,200.0,92571.42857142857,90485.71428571429,89138.09523809524,381.72540616906736,2663.358066516672
2021-10-20,92300.0,92500.0,89900.0,92300.0,3128600,VND,2600.0,0.0,92628.57142857143,90792.85714285714,89457.14285714286,281.15408417496536,2619.269254691957
2021-10-21,91700.0,92600.0,91000.0,91000.0,2847400,VND,1600.0,700.0,92357.14285714286,91028.57142857143,89690.47619047618,650.274667242869,2521.6868881579685
2021-10-22,91000.0,91800.0,90800.0,91800.0,1428000,VND,1000.0,-800.0,92171.42857142857,91314.28571428571,89914.28571428571,585.1332774519477,2488.6312933596046
2021-10-25,91900.0,92500.0,91200.0,92100.0,1341200,VND,1300.0,-200.0,92114.28571428571,91564.28571428571,90157.14285714286,566.9467095144694,2438.3542459155383
2021-10-26,91800.0,92200.0,90900.0,92200.0,1335900,VND,1300.0,-400.0,92057.14285714286,91821.42857142857,90447.61904761905,528.7001130362369,2289.6766251202066
2021-10-27,92000.0,95000.0,91600.0,95000.0,3908900,VND,3400.0,-3000.0,92400.0,92264.28571428571,90852.38095238095,1239.6235987860757,2308.1635660459006
2021-10-28,95000.0,95400.0,93600.0,95000.0,2086100,VND,1800.0,0.0,92771.42857142857,92671.42857142857,91247.61904761905,1581.89157415468,2271.9196833562587
2021-10-29,94200.0,96500.0,94200.0,95800.0,2268000,VND,2300.0,-1600.0,93271.42857142857,92950.0,91619.04761904762,1924.157205734889,2350.6635334776183
2021-11-01,95800.0,96000.0,94900.0,95800.0,2226600,VND,1100.0,0.0,93957.14285714286,93157.14285714286,92004.76190476191,1832.9003817786315,2339.9735448244905
2021-11-02,95700.0,96000.0,94900.0,95800.0,1647800,VND,1100.0,-100.0,94528.57142857143,93350.0,92385.71428571429,1664.0455579845136,2271.4061095030725
2021-11-03,95800.0,95800.0,93900.0,95300.0,3568200,VND,1900.0,500.0,94985.71428571429,93550.0,92704.76190476191,1281.1824895107227,2181.851550971846
2021-11-04,95200.0,95500.0,94000.0,95000.0,1879100,VND,1500.0,200.0,95385.71428571429,93721.42857142857,93009.52380952382,401.7817460124928,2020.8673291205225
2021-11-05,94500.0,95000.0,94000.0,95000.0,1786600,VND,1000.0,-500.0,95385.71428571429,93892.85714285714,93304.76190476191,401.7817460124928,1817.8218258338852
2021-11-08,95000.0,95500.0,94500.0,94900.0,1792000,VND,1000.0,100.0,95371.42857142857,94071.42857142857,93571.42857142857,419.18287860379456,1598.4814222081577
2021-11-09,95400.0,95400.0,93200.0,94900.0,2373800,VND,2200.0,500.0,95242.85714285714,94257.14285714286,93714.28571428571,403.5556254810923,1575.5271226759066
2021-11-10,95100.0,95200.0,93600.0,94900.0,1680500,VND,1600.0,200.0,95114.28571428571,94535.71428571429,93809.52380952382,333.8091841589726,1584.2678946145552
2021-11-11,94900.0,95000.0,93900.0,94800.0,2186600,VND,1100.0,100.0,94971.42857142857,94750.0,93890.47619047618,160.35674514846713,1589.6240945287684
2021-11-12,94800.0,94800.0,93900.0,94500.0,1133100,VND,900.0,300.0,94857.14285714286,94921.42857142857,93985.71428571429,171.82493859783182,1561.8212811609803
2021-11-15,94500.0,95100.0,94000.0,95000.0,1922400,VND,1100.0,-500.0,94857.14285714286,95121.42857142857,94100.0,171.82493859783182,1543.048929879274
2021-11-16,95000.0,95100.0,93900.0,94800.0,1643900,VND,1200.0,200.0,94828.57142857143,95107.14285714286,94204.76190476191,160.35674514852414,1510.4556234718473
2021-11-17,94700.0,97000.0,94200.0,96300.0,2815800,VND,2800.0,-1600.0,95028.57142857143,95200.0,94390.47619047618,582.2779568624691,1517.202940250985
2021-11-18,97000.0,98500.0,94500.0,94500.0,3871100,VND,4000.0,2500.0,94971.42857142857,95107.14285714286,94495.23809523809,615.6684327200315,1439.6097354761205
2021-11-19,94600.0,96000.0,94000.0,94800.0,2032500,VND,2000.0,-200.0,94957.14285714286,95035.71428571429,94676.19047619047,618.754509363339,1196.6222302406607
2021-11-22,94500.0,95000.0,93000.0,94800.0,2152100,VND,2000.0,-300.0,94957.14285714286,94964.28571428571,94819.04761904762,618.754509363339,998.8088143485559
2021-11-23,94000.0,95000.0,93500.0,94800.0,1382700,VND,1500.0,-800.0,95000.0,94928.57142857143,94947.61904761905,591.6079783102291,781.4211717251612
2021-11-24,94800.0,95200.0,93500.0,94100.0,2045100,VND,1700.0,700.0,94871.42857142857,94864.28571428571,95038.09523809524,682.4326235714597,510.36868093314223
2021-11-25,94800.0,94800.0,93800.0,94000.0,1401800,VND,1000.0,800.0,94757.14285714286,94792.85714285714,94990.47619047618,759.0721152768284,558.484343474393
2021-11-26,95900.0,100000.0,95200.0,98500.0,8681700,VND,4800.0,-2600.0,95071.42857142857,95050.0,95157.14285714286,1548.8859283523498,947.9300757822969
2021-11-29,99000.0,105300.0,98500.0,105300.0,8742300,VND,6800.0,-6300.0,96614.28571428571,95792.85714285714,95609.52380952382,4123.683050958441,2409.7520125327846
2021-11-30,105500.0,106900.0,103500.0,105000.0,4674300,VND,3400.0,500.0,98071.42857142857,96514.28571428571,96047.61904761905,5069.422809260178,3164.2722777314752
2021-12-01,105000.0,107300.0,104000.0,106000.0,4082000,VND,3300.0,-1000.0,99671.42857142857,97314.28571428571,96533.33333333333,5604.080146260734,3835.926659013967
2021-12-02,106000.0,108500.0,105100.0,107200.0,4428600,VND,3400.0,-1200.0,101442.85714285714,98221.42857142857,97100.0,5765.083735401384,4471.01778122169
2021-12-03,109100.0,109600.0,105500.0,105500.0,5152400,VND,4100.0,3600.0,103071.42857142857,98971.42857142857,97600.0,4888.665218548552,4799.47913840662
2021-12-06,107900.0,109000.0,103600.0,105600.0,5825100,VND,5400.0,2300.0,104728.57142857143,99742.85714285714,98104.76190476191,2836.4968333690526,5062.556290104473
2021-12-07,107400.0,107500.0,105600.0,106700.0,3026300,VND,1900.0,700.0,105900.0,100485.71428571429,98666.66666666667,791.6228058013443,5336.509470930724
2021-12-08,106500.0,107000.0,103500.0,105900.0,3539500,VND,3500.0,600.0,105985.71428571429,101300.0,99190.47619047618,747.0577207240059,5486.064596949672
2021-12-09,105000.0,107500.0,104000.0,107000.0,3173400,VND,3500.0,-2000.0,106271.42857142857,102171.42857142857,99766.66666666667,687.2997543859614,5646.001535009793
2021-12-10,107000.0,107200.0,103100.0,103100.0,3080600,VND,4100.0,3900.0,105857.14285714286,102764.28571428571,100161.90476190476,1391.4706163583212,5570.949307835753
2021-12-13,102700.0,104500.0,101000.0,103200.0,4076200,VND,3500.0,-500.0,105285.71428571429,103364.28571428571,100576.19047619047,1559.3038739856995,5451.046208014025
2021-12-14,103000.0,103100.0,101600.0,102500.0,2629100,VND,1500.0,500.0,104857.14285714286,103964.28571428571,100933.33333333333,1871.5921411609568,5311.340069448814
2021-12-15,102700.0,102700.0,99900.0,100000.0,2897300,VND,2800.0,2700.0,104057.14285714286,104392.85714285714,101180.95238095238,2568.3049811478622,5129.192826129483
2021-12-16,100000.0,101500.0,98300.0,100000.0,3095200,VND,3200.0,0.0,103100.0,104500.0,101357.14285714286,2665.8332030840315,5015.433324107747
2021-12-17,100000.0,102700.0,98800.0,102000.0,6655000,VND,3900.0,-2000.0,102542.85714285714,104264.28571428571,101714.28571428571,2374.7681591099586,4763.432136000747
2021-12-20,102000.0,102000.0,99000.0,99000.0,1372800,VND,3000.0,3000.0,101400.0,103835.71428571429,101914.28571428571,1701.9596548289733,4541.617081424256
2021-12-21,99000.0,100800.0,98100.0,98100.0,1467300,VND,2700.0,900.0,100685.71428571429,103271.42857142857,102071.42857142857,1906.5051546641323,4335.567189785169
2021-12-22,98200.0,100100.0,98200.0,99600.0,2410600,VND,1900.0,-1400.0,100171.42857142857,102728.57142857143,102300.0,1571.3203425930371,4050.1851809514496
2021-12-23,99600.0,100000.0,96000.0,96000.0,2771100,VND,4000.0,3600.0,99242.85714285714,102050.0,102390.47619047618,1859.9795185762246,3875.294151661711
2021-12-24,96500.0,96900.0,95100.0,96500.0,1415500,VND,1800.0,0.0,98742.85714285714,101400.0,102509.52380952382,2079.9496330896573,3635.6436516665685
2021-12-27,97000.0,99000.0,96500.0,99000.0,1907500,VND,2500.0,-2000.0,98600.0,100850.0,102533.33333333333,2012.4611797496489,3609.616784830764
2021-12-28,99100.0,99300.0,96500.0,98400.0,1737300,VND,2800.0,700.0,98085.71428571429,100314.28571428571,102204.76190476191,1349.6031162634463,3658.8900216424863
2021-12-29,98000.0,98000.0,95200.0,95500.0,2291900,VND,2800.0,2500.0,97585.71428571429,99492.85714285714,101752.38095238095,1582.64396020123,3876.8052630507464
2021-12-30,95800.0,96400.0,95000.0,95000.0,1662400,VND,1400.0,800.0,97142.85714285714,98914.28571428571,101228.57142857143,1829.2595431458274,4014.865235240401
2021-12-31,95200.0,96300.0,94200.0,95100.0,1267000,VND,2100.0,100.0,96500.0,98335.71428571429,100652.38095238095,1597.9153085608282,3983.1669620564935
2022-01-04,96000.0,101500.0,95700.0,101000.0,3071100,VND,5800.0,-5000.0,97214.28571428571,98228.57142857143,100438.09523809524,2300.3105380422376,3827.3327775979415
2022-01-05,100800.0,102200.0,99500.0,100000.0,3396500,VND,2700.0,800.0,97714.28571428571,98228.57142857143,100171.42857142857,2491.6049522536177,3640.2119247569
2022-01-06,101000.0,106400.0,100500.0,104500.0,5061400,VND,5900.0,-3500.0,98500.0,98550.0,100066.66666666667,3589.8003658512885,3470.638750047727
2022-01-07,106400.0,106400.0,102200.0,102200.0,3108800,VND,4200.0,4200.0,99042.85714285714,98564.28571428571,99890.47619047618,3850.046381909761,3246.367933846122
2022-01-10,102500.0,105500.0,102200.0,102300.0,2908500,VND,3300.0,200.0,100014.28571428571,98800.0,99666.66666666667,3660.3408636484123,2872.1652691537424
2022-01-11,102000.0,102000.0,99800.0,101000.0,2240600,VND,2200.0,1000.0,100871.42857142857,99007.14285714286,99566.66666666667,2917.598490604904,2781.7859970409345
2022-01-12,101500.0,101500.0,98000.0,100800.0,2338500,VND,3500.0,700.0,101685.71428571429,99092.85714285714,99452.38095238095,1479.2211592909957,2672.1936770411644
2022-01-13,101000.0,101000.0,98500.0,98800.0,1955700,VND,2500.0,2200.0,101371.42857142857,99292.85714285714,99276.19047619047,1839.1250507727743,2581.647683535566
2022-01-14,98200.0,99600.0,98200.0,98900.0,1017400,VND,1400.0,-700.0,101214.28571428571,99464.28571428571,99223.80952380953,2014.4714537799414,2577.383316836006
2022-01-17,99000.0,99200.0,94500.0,97000.0,2628900,VND,4700.0,2000.0,100142.85714285714,99321.42857142857,99080.95238095238,1969.6506821066027,2615.075342627609
2022-01-18,97000.0,97000.0,94100.0,95900.0,2032000,VND,2900.0,1100.0,99242.85714285714,99142.85714285714,98790.47619047618,2286.8152110573196,2613.408648088684
2022-01-19,95000.0,95900.0,93500.0,95800.0,2479700,VND,2400.0,-800.0,98314.28571428571,99164.28571428571,98638.09523809524,2154.3974961524673,2692.670828466823
2022-01-20,94600.0,96300.0,94600.0,95000.0,1689300,VND,1700.0,-400.0,97457.14285714286,99164.28571428571,98490.47619047618,2100.6801619610496,2806.2260710614228
2022-01-21,95900.0,96000.0,93300.0,95500.0,3192800,VND,2700.0,400.0,96700.0,99192.85714285714,98295.23809523809,1587.4507866386439,2867.137281414395
2022-01-24,94900.0,96000.0,92500.0,95000.0,3935300,VND,3500.0,-100.0,96157.14285714286,98764.28571428571,98247.61904761905,1386.6712454135818,2915.0675888595106
2022-01-25,95000.0,97700.0,93400.0,96000.0,3198400,VND,4300.0,-1000.0,95742.85714285714,98478.57142857143,98223.80952380953,687.6460883746131,2932.047878515104
2022-01-26,96500.0,96500.0,94500.0,96400.0,1932000,VND,2000.0,100.0,95657.14285714286,97900.0,98100.0,522.3572942507034,2952.456604253516
2022-01-27,96500.0,96500.0,94200.0,96500.0,2559000,VND,2300.0,0.0,95742.85714285714,97492.85714285714,98009.52380952382,610.6202935187357,2971.8520760470224
2022-01-28,95100.0,97000.0,94500.0,97000.0,2999600,VND,2500.0,-1900.0,95914.28571428571,97114.28571428571,98080.95238095238,775.5182598935492,2926.1953194582306
2022-02-07,96400.0,97500.0,91200.0,91200.0,7413400,VND,6300.0,5200.0,95371.42857142857,96414.28571428571,97900.0,1955.0910342950144,3228.1573691504373
2022-02-08,91300.0,92300.0,86700.0,87300.0,8010800,VND,5600.0,4000.0,94200.0,95450.0,97528.57142857143,3616.1674002549403,3937.276070730024
2022-02-09,87600.0,88700.0,84900.0,85700.0,8812500,VND,3800.0,1900.0,92871.42857142857,94514.28571428571,96800.0,4790.864322059328,4619.307307378526
2022-02-10,85700.0,86000.0,81700.0,84000.0,11088500,VND,4300.0,1700.0,91157.14285714286,93450.0,96038.09523809524,5568.619560494683,5329.960242860833
2022-02-11,83000.0,83600.0,81500.0,81700.0,7846400,VND,2100.0,1300.0,89057.14285714286,92357.14285714286,94952.38095238095,6015.77291871329,5819.761081661372
2022-02-14,81700.0,84000.0,80700.0,81800.0,4973500,VND,3300.0,-100.0,86957.14285714286,91350.0,93980.95238095238,5530.779674650258,6237.116244517229
2022-02-15,82000.0,83800.0,81800.0,83700.0,3001500,VND,2000.0,-1700.0,85057.14285714286,90485.71428571429,93095.23809523809,3366.9259683264904,6316.840681106192
2022-02-16,83900.0,83900.0,82700.0,82900.0,1986000,VND,1200.0,1000.0,83871.42857142857,89621.42857142857,92233.33333333333,2045.0870280704137,6418.3590841690675
2022-02-17,82800.0,83500.0,82000.0,83100.0,2865600,VND,1500.0,-300.0,83271.42857142857,88735.71428571429,91390.47619047618,1379.2682670104275,6399.28939507406
2022-02-18,82500.0,82800.0,82000.0,82200.0,2914400,VND,800.0,300.0,82771.42857142857,87821.42857142857,90600.0,905.0124966256966,6463.203540041334
2022-02-21,82100.0,83800.0,82000.0,83600.0,2513700,VND,1800.0,-1500.0,82714.28571428571,86935.71428571429,89871.42857142857,823.4653836660666,6342.014100989208
2022-02-22,83000.0,83300.0,81800.0,82000.0,2975200,VND,1500.0,1000.0,82757.14285714286,85907.14285714286,89157.14285714286,767.8045386196075,6343.703289764959
2022-02-23,82100.0,82500.0,82000.0,82500.0,1439000,VND,500.0,-400.0,82857.14285714286,84907.14285714286,88519.04761904762,660.4471789564417,6305.36430728809
2022-02-24,82300.0,82400.0,79300.0,80100.0,6367500,VND,3100.0,2200.0,82342.85714285714,83700.0,87771.42857142857,1129.6860077878234,6329.624227167571
2022-02-25,80900.0,80900.0,79100.0,79100.0,3385500,VND,1800.0,1800.0,81800.0,82835.71428571429,87014.28571428571,1622.7548592854448,6372.541542766889
2022-02-28,79500.0,79500.0,77000.0,77000.0,4678600,VND,2500.0,2500.0,80928.57142857143,82100.0,86133.33333333333,2303.413615857039,6419.371724190595
2022-03-01,77100.0,79900.0,77000.0,79200.0,3467600,VND,2900.0,-2100.0,80500.0,81635.71428571429,85380.95238095238,2306.5125189344585,6251.929226056843
2022-03-02,79200.0,79200.0,77200.0,78900.0,2401000,VND,2000.0,300.0,79828.57142857143,81271.42857142857,84566.66666666667,1902.3794624230757,5903.586480550469
2022-03-03,78900.0,80400.0,78300.0,79000.0,2610400,VND,2100.0,-100.0,79400.0,81078.57142857143,83738.09523809524,1653.2795690187702,5355.322230312702
2022-03-04,79000.0,79300.0,77800.0,79000.0,3817400,VND,1500.0,0.0,78900.0,80878.57142857143,82904.76190476191,930.949336252144,4574.874445324343
2022-03-07,78400.0,79000.0,77300.0,78500.0,2442600,VND,1700.0,-100.0,78671.42857142857,80507.14285714286,82023.80952380953,769.6628822949908,3339.297046072809
2022-03-08,78000.0,78900.0,77100.0,77900.0,4290200,VND,1800.0,100.0,78500.0,80150.0,81390.47619047618,791.6228058036083,2714.7568513424562
2022-03-09,78100.0,78700.0,77300.0,78000.0,3049900,VND,1400.0,100.0,78642.85714285714,79785.71428571429,80947.61904761905,519.1568255599611,2447.982648554774
2022-03-10,78500.0,80600.0,78000.0,79100.0,4366600,VND,2600.0,-600.0,78628.57142857143,79564.28571428571,80633.33333333333,502.375310283697,2220.4353927416223
2022-03-11,78800.0,79000.0,77800.0,79000.0,2222400,VND,1200.0,-200.0,78642.85714285714,79235.71428571429,80395.23809523809,512.695955570968,2106.531791946797
2022-03-14,78800.0,78800.0,77400.0,78300.0,2622700,VND,1400.0,500.0,78542.85714285714,78971.42857142857,80233.33333333333,499.52358255192985,2131.744199790346
2022-03-15,78000.0,78600.0,77000.0,78300.0,2733900,VND,1600.0,-300.0,78442.85714285714,78671.42857142857,80066.66666666667,461.36443605773206,2139.9376937985467
2022-03-16,78300.0,78400.0,77200.0,78100.0,2950000,VND,1200.0,200.0,78385.71428571429,78528.57142857143,79800.0,477.5931721632703,2009.477544041386
2022-03-17,78300.0,78500.0,77300.0,78400.0,2565900,VND,1200.0,-100.0,78457.14285714286,78478.57142857143,79585.71428571429,427.61798706189506,1899.2855799727404
2022-03-18,78300.0,79500.0,77400.0,78800.0,5520700,VND,2100.0,-500.0,78571.42857142857,78607.14285714286,79380.95238095238,390.3600291815932,1725.288105687219
2022-03-21,78800.0,81000.0,78300.0,81000.0,3705300,VND,2700.0,-2200.0,78842.85714285714,78735.71428571429,79323.80952380953,1001.4275524763583,1645.2673831057145
2022-03-22,81000.0,82400.0,81000.0,82200.0,3631800,VND,1400.0,-1200.0,79300.0,78971.42857142857,79257.14285714286,1622.754859285556,1483.7693313241834
2022-03-23,82100.0,82400.0,81400.0,81400.0,1529200,VND,1000.0,700.0,79742.85714285714,79142.85714285714,79228.57142857143,1724.1975359159405,1433.2281246018213
2022-03-24,81400.0,81400.0,80400.0,81000.0,1995200,VND,1000.0,400.0,80128.57142857143,79285.71428571429,79157.14285714286,1647.9424400493083,1292.5058717770876
2022-03-25,80600.0,81000.0,79700.0,81000.0,2193500,VND,1300.0,-400.0,80542.85714285714,79464.28571428571,79200.0,1398.6387940393267,1339.4028520227985
2022-03-28,79900.0,81200.0,79700.0,80500.0,2339900,VND,1500.0,-600.0,80842.85714285714,79650.0,79266.66666666667,1042.2046229947985,1368.6976778456653
2022-03-29,80000.0,81800.0,79800.0,80800.0,2798300,VND,2000.0,-800.0,81128.57142857143,79850.0,79447.61904761905,543.796180306087,1303.6943842886521
2022-03-30,82500.0,82700.0,80400.0,81100.0,3088400,VND,2300.0,1400.0,81142.85714285714,79992.85714285714,79538.09523809524,541.1627692832769,1350.7317240973052
2022-03-31,81100.0,82300.0,81000.0,81200.0,1372000,VND,1300.0,-100.0,81000.0,80150.0,79647.61904761905,288.6751345969313,1389.1072844189168
2022-04-01,81400.0,82500.0,80900.0,82100.0,2609900,VND,1600.0,-700.0,81100.0,80421.42857142857,79795.23809523809,496.65548085959244,1478.6737944803067
2022-04-04,82500.0,82800.0,81500.0,82700.0,2730500,VND,1300.0,-200.0,81342.85714285714,80735.71428571429,79971.42857142857,776.4387566693931,1595.0369453869691
2022-04-05,82500.0,83100.0,81700.0,82300.0,3591100,VND,1400.0,200.0,81528.57142857143,81035.71428571429,80152.38095238095,834.0948901146852,1634.8146829611971
2022-04-06,80500.0,82300.0,79500.0,80500.0,5679100,VND,2800.0,0.0,81528.57142857143,81185.71428571429,80276.19047619047,834.0948901146852,1552.064677103113
2022-04-07,80200.0,80300.0,77600.0,79500.0,3704800,VND,2700.0,700.0,81342.85714285714,81235.71428571429,80347.61904761905,1119.311012569032,1474.6589597684783
2022-04-08,80000.0,82400.0,80000.0,81700.0,5192000,VND,2400.0,-1700.0,81428.57142857143,81285.71428571429,80471.42857142857,1120.5865810884238,1473.8191399046277
2022-04-12,81400.0,81400.0,80300.0,81300.0,2356500,VND,1100.0,100.0,81442.85714285714,81221.42857142857,80580.95238095238,1117.8210096097514,1444.167250572235
2022-04-13,81000.0,82300.0,80700.0,82200.0,3146300,VND,1600.0,-1200.0,81457.14285714286,81278.57142857143,80766.66666666667,1128.2097069509266,1385.7609221433509
2022-04-14,81600.0,82200.0,81100.0,81700.0,1763700,VND,1100.0,-100.0,81314.28571428571,81328.57142857143,80928.57142857143,1000.7140307948831,1277.553465475734
2022-04-15,81500.0,81800.0,80600.0,80700.0,1678400,VND,1200.0,800.0,81085.71428571429,81307.14285714286,81052.38095238095,917.2941575251473,1103.9107969510965
2022-04-18,80000.0,80100.0,78100.0,79500.0,2984700,VND,2000.0,500.0,80942.85714285714,81235.71428571429,81104.76190476191,1086.0588425702463,992.2077355485235
2022-04-19,78600.0,79800.0,77800.0,78800.0,1816000,VND,2000.0,-200.0,80842.85714285714,81092.85714285714,81104.76190476191,1259.4405409512988,992.2077355485235
2022-04-20,78000.0,79800.0,78000.0,79300.0,1713900,VND,1800.0,-1300.0,80500.0,80964.28571428571,81023.80952380953,1312.7579111681616,1067.6632249501374
2022-04-21,79000.0,79500.0,77500.0,77500.0,2684300,VND,2000.0,1500.0,79957.14285714286,80700.0,80800.0,1665.1898218697042,1280.2343535486941
2022-04-22,77700.0,79000.0,77600.0,77700.0,1867300,VND,1400.0,0.0,79314.28571428571,80385.71428571429,80623.80952380953,1517.0460017514138,1438.3687850864485
2022-04-25,77700.0,79200.0,72300.0,76200.0,2738000,VND,6900.0,1500.0,78528.57142857143,79921.42857142857,80395.23809523809,1499.6825060822277,1727.853058128085
2022-04-26,70900.0,80000.0,70900.0,78000.0,3661700,VND,9100.0,-7100.0,78142.85714285714,79614.28571428571,80252.38095238095,1155.9370554627803,1797.948566457195
2022-04-27,77500.0,78000.0,75000.0,78000.0,2793500,VND,3000.0,-500.0,77928.57142857143,79435.71428571429,80133.33333333333,989.4683517167832,1862.3461905187796
2022-04-28,78000.0,78200.0,76300.0,77900.0,1386100,VND,1900.0,100.0,77800.0,79321.42857142857,79995.23809523809,912.8709291761089,1917.1531473731347
2022-04-29,77500.0,80000.0,76600.0,80000.0,2148700,VND,3400.0,-2500.0,77900.0,79200.0,79942.85714285714,1119.5237082504534,1900.4134888434078
2022-05-04,79600.0,80000.0,77700.0,79700.0,1436000,VND,2300.0,-100.0,78214.28571428571,79085.71428571429,79871.42857142857,1285.0792082319533,1878.8674400152415
2022-05-05,79600.0,80000.0,78500.0,80000.0,1858600,VND,1500.0,-400.0,78542.85714285714,78928.57142857143,79771.42857142857,1418.7519666448447,1808.9065363222783
2022-05-06,78500.0,80000.0,78000.0,79800.0,1690000,VND,2000.0,-1300.0,79057.14285714286,78792.85714285714,79633.33333333333,1026.0882724495862,1680.2777548191211
2022-05-09,78700.0,79200.0,77900.0,79100.0,2428900,VND,1300.0,-400.0,79214.28571428571,78678.57142857143,79480.95238095238,915.475416434904,1567.6795104949717
2022-05-10,78900.0,80400.0,78100.0,80400.0,2617900,VND,2300.0,-1500.0,79557.14285714286,78742.85714285714,79476.19047619047,830.375703838449,1564.578141836153
2022-05-11,80200.0,80500.0,78700.0,80500.0,1983600,VND,1800.0,-300.0,79928.57142857143,78864.28571428571,79523.80952380953,468.0252333464193,1580.4761187412648
2022-05-12,80000.0,80000.0,77100.0,79000.0,2474100,VND,2900.0,1000.0,79785.71428571429,78842.85714285714,79395.23809523809,581.4595756341162,1502.4899967996214
2022-05-13,79000.0,79000.0,77200.0,78000.0,3134600,VND,1800.0,1000.0,79542.85714285714,78878.57142857143,79238.09523809524,894.16095280727,1465.426965250395
2022-05-16,79000.0,79000.0,76200.0,77000.0,1994100,VND,2800.0,2000.0,79114.28571428571,78828.57142857143,78990.47619047618,1275.9683530937098,1376.5553973275616
2022-05-17,76000.0,78000.0,75200.0,78000.0,1857400,VND,2800.0,-2000.0,78857.14285714286,78957.14285714286,78814.28571428571,1295.9644321991516,1242.6929283989086
2022-05-18,78000.0,78000.0,76000.0,78000.0,2964900,VND,2000.0,0.0,78700.0,78957.14285714286,78685.71428571429,1327.9056191366947,1175.7064745474104
2022-05-19,76400.0,79000.0,76200.0,77900.0,2650300,VND,2800.0,-1500.0,78342.85714285714,78950.0,78609.52380952382,1113.3390361993604,1172.1368358309428
2022-05-20,77900.0,77900.0,76500.0,77800.0,2331100,VND,1400.0,100.0,77957.14285714286,78942.85714285714,78561.90476190476,582.6867164483515,1184.2618758041733
2022-05-23,77600.0,77700.0,76200.0,77400.0,2644700,VND,1500.0,200.0,77728.57142857143,78757.14285714286,78471.42857142857,386.0668582631704,1197.5570371176136
2022-05-24,77000.0,77600.0,76400.0,77600.0,1568300,VND,1200.0,-600.0,77671.42857142857,78607.14285714286,78476.19047619047,368.39419880865114,1193.6937471193442
2022-05-25,77600.0,78100.0,76700.0,77700.0,1360400,VND,1400.0,-100.0,77771.42857142857,78442.85714285714,78476.19047619047,221.4669705603715,1193.6937471193442
2022-05-26,77700.0,77700.0,76800.0,77700.0,2076700,VND,900.0,0.0,77728.57142857143,78292.85714285714,78547.61904761905,197.60470401585593,1091.1549145864124
2022-05-27,77400.0,78000.0,77000.0,78000.0,1575800,VND,1000.0,-600.0,77728.57142857143,78214.28571428571,78547.61904761905,197.60470401585593,1091.1549145864124
2022-05-30,78000.0,78500.0,77200.0,78500.0,1390900,VND,1300.0,-500.0,77814.28571428571,78078.57142857143,78571.42857142857,353.21651258607164,1084.0400625206994
2022-05-31,78000.0,79500.0,77700.0,78800.0,1776600,VND,1800.0,-800.0,77957.14285714286,77957.14285714286,78614.28571428571,512.6959555708254,1073.9114089591953
2022-06-01,78600.0,79400.0,78300.0,79300.0,1539200,VND,1100.0,-700.0,78228.57142857143,77978.57142857143,78580.95238095238,652.4678426679561,1039.0471825793425
2022-06-02,79200.0,79200.0,77600.0,78900.0,2935600,VND,1600.0,300.0,78414.28571428571,78042.85714285714,78542.85714285714,628.300807546322,1010.2333535270272
2022-06-03,78100.0,79200.0,78000.0,78800.0,1249100,VND,1200.0,-700.0,78571.42857142857,78171.42857142857,78485.71428571429,552.9143565831067,956.1828874712039
2022-06-06,78700.0,78900.0,77900.0,78500.0,1503500,VND,1000.0,200.0,78685.71428571429,78207.14285714286,78423.80952380953,405.90873945174974,907.6919972721132
2022-06-07,78500.0,78500.0,77700.0,78000.0,1562200,VND,800.0,500.0,78685.71428571429,78207.14285714286,78371.42857142857,405.90873945174974,898.4112962056697
2022-06-08,77800.0,78700.0,77600.0,78100.0,1441700,VND,1100.0,-300.0,78628.57142857143,78221.42857142857,78261.90476190476,460.84807950382805,769.724749818611
2022-06-09,78000.0,78200.0,77300.0,78100.0,1542100,VND,900.0,-100.0,78528.57142857143,78242.85714285714,78147.61904761905,492.3220007092762,574.1245924241704
2022-06-10,77800.0,78200.0,77500.0,78000.0,979600,VND,700.0,-200.0,78342.85714285714,78285.71428571429,78100.0,386.6830866811668,540.3702434509036
2022-06-13,76600.0,77400.0,76200.0,76400.0,1795500,VND,1200.0,200.0,77985.71428571429,78200.0,78023.80952380953,760.3257447283804,655.6712300474811
2022-06-14,76200.0,76600.0,75200.0,76600.0,2058500,VND,1400.0,-400.0,77671.42857142857,78121.42857142857,78004.76190476191,819.9883855168542,691.719734056657
2022-06-15,76600.0,76900.0,75300.0,76700.0,2037200,VND,1600.0,-100.0,77414.28571428571,78050.0,77942.85714285714,798.8086367190032,748.0450712214282
